﻿<?xml version="1.0" encoding="utf-8" ?>
<resources>
    <style name="MyTheme" parent="android:Theme.Material.Light">
        <item name="android:colorPrimary">@color/colorPrimary</item>
        <item name="android:colorPrimaryDark">@color/colorPrimaryDark</item>
        <item name="android:colorAccent">@color/colorAccent</item>
    </style>

    <style name="MyButton" parent="Theme.AppCompat.Light">
        <item name="colorControlHighlight">@color/dark_green</item>
        <item name="colorButtonNormal">@color/green</item>
        <item name="android:textColor">@color/white</item>
    </style>
</resources>